name,identity,form,alt,alignment,type,size,armour_name,stated_ac,armor_bonus,ac,stated_hp,hp,expected_hp,hp_fudge,level,hd,F,A,S,E,R,I,P,H,K,Res,Pop,Powers,Powers_Rank,Powers_Adj,Powers_Adj_Rank,Equipment,Vehicle,Talents,Talents_Adj,Contacts,Contacts_Adj,Weaknesses,Weaknesses_Adj,Powers_Form,Spd,Att,Dam,Climbing,Escaping,martial_arts,mook,attack_parameters,CR,xp,regen,healing_spells,healing_dice,healing_bonus,sc_ability,log,proficiency,initiative_bonus,AB_F,AB_A,AB_S,AB_E,AB_R,AB_I,AB_P
Crocodile,,,,reptile,animal,,,,,,,,,,,,Pr,Gd,Rm,Ex,Fb,Fb,Fb,,,,,,,,,,,,,,,,,,Gd,E,,,,,,,,,,,,,,,,,,,,,,,
Chimp,,,,ape,animal,,,,,,,,,,,,Ty,Ty,Gd,Ex,Fb,Ty,Pr,,,,,,,,,,,,,,,,,,,B,,,,,,,,,,,,,,,,,,,,,,,
Gorilla,,,,ape,animal,,,,,,,,,,,,Ty,Ty,Ex,Ex,Fb,Ty,Pr,,,,,,,,,,,,,,,,,,,B,,,,,,,,,,,,,,,,,,,,,,,
Armadillo,,,,animal,animal,,,Fb,,,,,,,,,Fb,Fb,Fb,Fb,Aw,Fb,Fb,,,,,,,,,,,,,,,,,,Fb,B,,,,,,,,,,,,,,,,,,,,,,,
Bat,,,,mammal,animal,,,,,,,,,,,,Fb,Pr,Fb,Fb,Aw,Pr,Fb,,,,,,,,,,,,,,,,,,Ex,,,,,,,,,,,,,,,,,,,,,,,,
Bat Flock,,,,mammal,animal,,,,,,,,,,,,Gd,Pr,Fb,Gd,Fb,Pr,Fb,,,,,,,,,,,,,,,,,,Ex,E,,,,,,,,,,,,,,,,,,,,,,,
Bear,,,,mammal,animal,,,,,,,,,,,,Gd,Ty,Rm,Rm,Fb,Pr,Fb,,,,,,,,,,,,,,,,,,Gd,2,,,,,,,,,,,,,,,,,,,,,,,
Giant Monster,,,,monster,animal,,,Am,,,,,,,,,Am,Ty,Un,Un,Pr,Pr,Pr,,,,,,,,,,,,,,,,,,,B,,,,,,,,,,,,,,,,,,,,,,,
Bird,,,,bird,animal,,,,,,,,,,,,Fb,Fb,Fb,Fb,Fb,Fb,Fb,,,,,,,,,,,,,,,,,,Rm,,,,,,,,,,,,,,,,,,,,,,,,
Bird Flock,,,,bird,animal,,,,,,,,,,,,Gd,Ty,Fb,Ty,Fb,Pr,Fb,,,,,,,,,,,,,,,,,,Rm,E,,,,,,,,,,,,,,,,,,,,,,,
Cat,,,,feline,animal,,,,,,,,,,,,Fb,Gd,Fb,Gd,Fb,Ty,Fb,,,,,,,,,,,,,,,,,,Gd,E,,,,,,,,,,,,,,,,,,,,,,,
Cattle Herd Animals,,,,mammal,animal,,,,,,,,,,,,Pr,Ty,Gd,Ex,Fb,Fb,Fb,,,,,,,,,,,,,,,,,,,B,,,,,,,,,,,,,,,,,,,,,,,
Dinosaur Giant Herbivore,,,,dinosaur,animal,,,,,,,,,,,,Gd,Pr,Am,Un,Fb,Fb,Fb,,,,,,,,,,,,,,,,,,,B,,,,,,,,,,,,,,,,,,,,,,,
Dinosaur Giant Carnivore,,,,dinosaur,animal,,,,,,,,,,,,Rm,Gd,In,Un,Fb,Fb,Fb,,,,,,,,,,,,,,,,,,Gd,E,,,,,,,,,,,,,,,,,,,,,,,
Dinosaur Giant Armoured,,,,dinosaur,animal,,,,,,,,,,,,In,Ty,Am,Mn,Fb,Fb,Fb,,,,,,,,,,,,,,,,,,,2,,,,,,,,,,,,,,,,,,,,,,,
Kaiju Giant Radioactive,,,,monster,animal,,,Am,,,,,,,,,Rm,Rm,Un,Un,Pr,Pr,Pr,,,,,,,,,,,,,,,,,,,2,,,,,,,,,,,,,,,,,,,,,,,
Guard Dog,,,,canine,animal,,,,,,,,,,,,Gd,Ty,Gd,Gd,Fb,Gd,Fb,,,,,,,,,,,,,,,,,,,E,,,,,,,,,,,,,,,,,,,,,,,
Dolphin,,,,sea,animal,,,Ex,,,,,,,,,Gd,Ex,Gd,Gd,Ty,Gd,Ty,,,,,,,,,,,,,,,,,,,B,,,,,,,,,,,,,,,,,,,,,,,
Bird of Prey,,,,bird,animal,,,Rm,,,,,,,,,Gd,Gd,Pr,Ex,Fb,Ty,Fb,,,,,,,,,,,,,,,,,,,E,,,,,,,,,,,,,,,,,,,,,,,
Elephant,,,,mammal,animal,,,,,,,,,,,,Gd,Gd,In,Am,Fb,Pr,Fb,,,,,,,,,,,,,,,,,,,2,,,,,,,,,,,,,,,,,,,,,,,
Fish,,,,sea,animal,,,,,,,,,,,,Fb,Fb,Fb,Fb,Aw,Fb,Fb,,,,,,,,,,,,,,,,,,,,,,,,,,,,,,,,,,,,,,,,,,
Horse,,,,mammal,animal,,,Ex,,,,,,,,,Ty,Gd,Rm,Rm,Pr,Ty,Pr,,,,,,,,,,,,,,,,,,,B,,,,,,,,,,,,,,,,,,,,,,,
Insect Swarm,,,,animal,animal,,,,,,,,,,,,Ex,Fb,Fb,Ex,Aw,Fb,Fb,,,,,,,,,,,,,,,,,,,E,,,,,,,,,,,,,,,,,,,,,,,
Killer Whale,,,,mammal,animal,,,Ex,,,,,,,,,Rm,Ty,In,Mn,Pr,Gd,Ty,,,,,,,,,,,,,,,,,,,E,,,,,,,,,,,,,,,,,,,,,,,
Big Cat,,,,feline,animal,,,Gd,,,,,,,,,Ex,Gd,Gd,Ex,Fb,Fb,Fb,,,,,,,,,,,,,,,,,,,E,,,,,,,,,,,,,,,,,,,,,,,
Monkey,,,,ape,animal,,,,,,,,,,,,Gd,Ty,Pr,Gd,Fb,Ty,Pr,,,,,,,,,,,,,,,,,,,E,,,,,,,,,,,,,,,,,,,,,,,
Giant Cephalopod,,,,monster,animal,,,,,,,,,,,,Ex,Rm,Gd,Rm,Fb,Fb,Fb,,,,,,,,,,,,,,,,,,,B,,,,,,,,,,,,,,,,,,,,,,,
Rat,,,,rodent,animal,,,,,,,,,,,,Fb,Fb,Fb,Fb,Fb,Fb,Fb,,,,,,,,,,,,,,,,,,,,,,,,,,,,,,,,,,,,,,,,,,
Rat Pack,,,,rodent,animal,,,,,,,,,,,,Ex,Ty,Fb,Ex,Fb,Fb,Fb,,,,,,,,,,,,,,,,,,,E,,,,,,,,,,,,,,,,,,,,,,,
Shark,,,,sea,animal,,,,,,,,,,,,Gd,Gd,Rm,In,Fb,Fb,Fb,,,,,,,,,,,,,,,,,,,E,,,,,,,,,,,,,,,,,,,,,,,
Snake Python,,,,reptile,animal,,,,,,,,,,,,Ty,Ty,Ex,Ex,Fb,Fb,Fb,,,,,,,,,,,,,,,,,,,B,,,,,,,,,,,,,,,,,,,,,,,
Snake Poisonous,,,,reptile,animal,,,,,,,,,,,,Gd,Pr,Fb,Pr,Fb,Fb,Fb,,,,,,,,,,,,,,,,,,,E,,,,,,,,,,,,,,,,,,,,,,,
Wolf,,,,canine,animal,,,,,,,,,,,,Ex,Gd,Gd,Gd,Fb,Fb,Fb,,,,,,,,,,,,,,,,,,,E,,,,,,,,,,,,,,,,,,,,,,,
Thug,,,,crime,people,,,,,,,,,,,,Gd,Ty,Ty,Ty,Pr,Pr,Pr,,,,,,,,,,,,,,,,,,,,,,,,1,,,,,,,,,,,,,,,,,,
Henchman,,,,crime,people,,,,,,,,,,,,Gd,Ty,Ty,Gd,Pr,Ty,Pr,,,,,,,,,,,,,,,,,,,W,,,,,1,,,,,,,,,,,,,,,,,,
Young Tough,,,,crime,people,,,,,,,,,,,,Ty,Gd,Ty,Ty,Pr,Pr,Pr,,,,,,,,,,,,,,,,,,,2,,,,,1,,,,,,,,,,,,,,,,,,
Enforcer,,,,crime,people,,,,,,,,,,,,Gd,Ty,Gd,Ty,Ty,Ty,Ty,,,,,,,,,,,,,,,,,,,W,,,,,1,,,,,,,,,,,,,,,,,,
Assassin,,,,crime,people,,,,,,,,,,,,Ty,Gd,Ty,Gd,Ty,Ty,Ty,,,,,,,,,,,,,,,,,,,S,,,,,1,,,,,,,,,,,,,,,,,,
Police,,,,law,people,,,,,,,,,,,,Gd,Gd,Ty,Gd,Ty,Ty,Ty,,,,,,,,,,,,,,,,,,Gd,S,,,,,1,,,,,,,,,,,,,,,,,,
TRG Police,,,,law,people,,,,,,,,,,,,Ex,Gd,Gd,Ty,Ty,Ty,Gd,,,,,,,,,,,,,,,,,,Ex,S,,,,,1,,,,,,,,,,,,,,,,,,
Soldier,,,,war,people,,,,,,,,,,,,Ex,Gd,Ty,Gd,Ty,Ty,Pr,,,,,,,,,,,,,,,,,,Gd,W,,,,,1,,,,,,,,,,,,,,,,,,
Mercenary,,,,war,people,,,,,,,,,,,,Ex,Gd,Gd,Gd,Ty,Ty,Pr,,,,,,,,,,,,,,,,,,Ex,W,,,,,1,,,,,,,,,,,,,,,,,,
Fire-Fighter,,,,law,people,,,,,,,,,,,,Ty,Gd,Ty,Ex,Ty,Gd,Ty,,,,,,,,,,,,,,,,,,Gd,W,,,,,1,,,,,,,,,,,,,,,,,,
Paramedic,,,,science,people,,,,,,,,,,,,Pr,Ty,Ty,Gd,Gd,Ty,Ty,,,,,,,,,,,,,,,,,,,,,,,,1,,,,,,,,,,,,,,,,,,
Doctor,,,,science,people,,,,,,,,,,,,Pr,Gd,Ty,Gd,Gd,Gd,Gd,,,,,,,,,,,,,,,,,,,,,,,,1,,,,,,,,,,,,,,,,,,
Scientist,,,,science,people,,,,,,,,,,,,Pr,Ty,Pr,Ty,Ex,Gd,Ty,,,,,,,,,,,,,,,,,,,,,,,,1,,,,,,,,,,,,,,,,,,
Lawyer,,,,capital,people,,,,,,,,,,,,Pr,Ty,Ty,Ty,Ty,Gd,Ty,,,,,,,,,,,,,,,,,,,,,,,,1,,,,,,,,,,,,,,,,,,
Businessman,,,,capital,people,,,,,,,,,,,,Pr,Ty,Ty,Ty,Ty,Ty,Ty,,,,,,,,,,,,,,,,,,,,,,,,1,,,,,,,,,,,,,,,,,,
Feds and Spies,,,,law,people,,,,,,,,,,,,Gd,Ex,Gd,Gd,Gd,Gd,Gd,,,,,,,,,,,,,,,,,,,W,,,,,1,,,,,,,,,,,,,,,,,,
Boxer,,,,boxer,people,,,,,,,,,,,,Ty,Ty,Ty,Ty,Ty,Ty,Ty,,,,,,,,,,,,,,,,,,,,,,,,1,,,,,,,,,,,,,,,,,,
Plumber,,,,trade,people,,,,,,,,,,,,Ty,Ty,Ty,Ty,Ty,Ty,Ty,,,,,,,,,,,,,,,,,,,,,,,,1,,,,,,,,,,,,,,,,,,
Lumberjack,,,,trade,people,,,,,,,,,,,,Ty,Ty,Gd,Gd,Pr,Ty,Ty,,,,,,,,,,,,,,,,,,,E,,,,,1,,,,,,,,,,,,,,,,,,
Norse Myth,,,,myth,alien,,,,,,,,,,,,Rm,Gd,In,In,Gd,Gd,Ex,,,,,,,,,,,,,,,,,,Gd,2,,,,,,,,,,,,,,,,,,,,,,,
Atlantean,,,,myth,alien,,,,,,,,,,,,Gd,Ty,Rm,Rm,Ty,Ty,Ty,,,,,,,,,,,,,,,,,,Gd,2,,,,,,,,,,,,,,,,,,,,,,,
Mystic Dimension Citizen,,,,magic,alien,,,,,,,,,,,,Ty,Gd,Ty,Ty,Ty,Gd,Gd,,,,,,,,,,,,,,,,,,,,,,,,1,,,,,,,,,,,,,,,,,,
Cosmic Warped Mutant,,,,cosmic,alien,,,,,,,,,,,,Gd,Ty,Ty,Gd,Ty,Pr,Pr,,,,,,,,,,,,,,,,,,,,,,,,1,,,,,,,,,,,,,,,,,,
Cosmic Immortal,,,,cosmic,alien,,,,,,,,,,,,Gd,Ex,In,Am,Ex,Rm,Rm,,,,,,,,,,,,,,,,,,Un,,,,,,1,,,,,,,,,,,,,,,,,,
Moon Mist People,,,,cosmic,alien,,,,,,,,,,,,Gd,Ex,Ex,Rm,Gd,Gd,Gd,,,,,,,,,,,,,,,,,,,,,,,,1,,,,,,,,,,,,,,,,,,
Blue Space Warrior,,,,cosmic,alien,,,,,,,,,,,,Gd,Ty,Ex,Ex,Gd,Gd,Ty,,,,,,,,,,,,,,,,,,,H,,,,,1,,,,,,,,,,,,,,,,,,
Serpent People,,,,myth,alien,,,,,,,,,,,,Gd,Ty,Ex,Rm,Ty,Ty,Gd,,,,,,,,,,,,,,,,,,Gd,,,,,,1,,,,,,,,,,,,,,,,,,
Mutant Animal People,,,,mutant,alien,,,*,,,,,,,,,*,*,*,*,Gd,Gd,Gd,,,,,,,,,,,,,,,,,,*,*,,,,,1,,,,,,,,,,,,,,,,,,
Greek Myth,,,,myth,alien,,,Ex,,,,,,,,,Gd,Ex,In,Am,Ty,Ty,Rm,,,,,,,,,,,,,,,,,,,,,,,,1,,,,,,,,,,,,,,,,,,
Bird Space Warrior,,,,cosmic,alien,,,,,,,,,,,,Gd,Gd,Rm,Gd,Gd,Gd,Gd,,,,,,,,,,,,,,,,,,,H,,,,,1,,,,,,,,,,,,,,,,,,
Space Shapeshifter,,,,cosmic,alien,,,,,,,,,,,,Gd,Ty,Ty,Ty,Gd,Ty,Ty,,,,,,,,,,,,,,,,,,,H,,,,,1,,,,,,,,,,,,,,,,,,
Green Martian,,,,cosmic,alien,,,,,,,,,,,,Gd,Ty,Gd,Gd,Pr,Ty,Ty,,,,,,,,,,,,,,,,,,,,,,,,1,,,,,,,,,,,,,,,,,,
Red Martian,,,,cosmic,alien,,,,,,,,,,,,Gd,Ty,Ty,Ty,Ty,Ty,Ty,,,,,,,,,,,,,,,,,,,,,,,,1,,,,,,,,,,,,,,,,,,
CircleHead Scientist,,,,cosmic,alien,,,,,,,,,,,,Fb,Pr,Pr,Ty,Ex,Ty,Gd,,,,,,,,,,,,,,,,,,,H,,,,,1,,,,,,,,,,,,,,,,,,
KnobblyHead Warrior,,,,cosmic,alien,,,,,,,,,,,,Gd,Ty,Ty,Gd,Pr,Ty,Gd,,,,,,,,,,,,,,,,,,,H,,,,,1,,,,,,,,,,,,,,,,,,
PointyEar Logician,,,,cosmic,alien,,,,,,,,,,,,Ty,Ty,Gd,Gd,Gd,Pr,Gd,,,,,,,,,,,,,,,,,,,H,,,,,1,,,,,,,,,,,,,,,,,,
Hway,,,,cosmic,alien,,,Fb,,,,,,,,,Pr,Ty,Gd,Gd,Gd,Pr,Gd,,,,,,,,,,,,,,,,,,,H,,,,,1,,,,,,,,,,,,,,,,,,
Amazing Martial Artist,,,,martialarts,superhero,,,,,,,,,,,,Am,Rm,Ex,Ex,Gd,Rm,In,,,,,,,,,,,,,,,,,,,,,,,ABCDE,0,,,,,,,,,,,,,,,,,,
Psyched Amazing Martial Artist,,,,martialarts,superhero,,,,,,,,,,,,Mn,In,Rm,Rm,Gd,Rm,In,,,,,,,,,,,,,,,,,,,,,,,ABCDE,1,,,,,,,,,,,,,,,,,,
GHOTMU Amazing Martial Artist,,,,martialarts,superhero,,,,,,,,,,,,Am,Rm,Ex,Rm,Gd,Rm,In,,,,,,,,,,,,,,,,,,,,,,,ABCDE,1,,,,,,,,,,,,,,,,,,
GHOTMU Psyched Amazing Martial Artist,,,,martialarts,superhero,,,,,,,,,,,,Mn,In,Rm,In,Gd,Rm,In,,,,,,,,,,,,,,,,,,,,,,,ABCDE,1,,,,,,,,,,,,,,,,,,
Batroc the Leaper,Georges Batroc,,,Batroc the Leaper,,,,,,,,,,,,,In,In,Ex,Rm,Gd,Gd,Gd,130,30,Gd,,{},,,,"{'Body Armor': 'Ex vs. Physical & Edge ', 'Whip-Cane': 'In material, Am Blunt or Edge ', 'Neural Shock Boots': 'Cause Rm Electrical damage on contact'}",{},"['All Martial Arts, Acrobatics, Bilingual (English, French), Weapons Expert']",,,['Hydra'],[''],,{},0,0,0,0,0,ABCDE,1,,,,,,,,,,,,,,,,,,
Black Light,,,,Black Light,,,,,,,,,,,,,Ex,Rm,Ex,Rm,Gd,Ex,Rm,100,60,Mn,,"{'Darkforce Generation': 'Mn ability to open portals into the Darkforce Dimension through his retinas, performing the following power stunts:', '-Force Bolts': 'Mn Force from his eyes, 10 areas', '-Flight': 'Gd'}",,,,{},{},"['All Martial Arts, Shi’ar Technology, Starships, Astro-Navigation']",,,['Shi’ar Imperial Guard'],[''],,{},0,0,0,0,0,ABCDE,1,,,,,,,,,,,,,,,,,,
Cable,Nathan Christopher Charles Dayspring Summers,,,Cable,,,,,,,,,,,,,In,Ex,Ex,Rm,Rm,In,Am,110,120,Ex,,"{'Infonet': 'In, Cable now has a technological link to the ""Infonet,"" which acts as a surrogate for his telepathy. Cable has developed the following power stunts', '-Connection': 'Rm ability to forcefully link other minds to the Infonet', '-Download': ""Cable can download information into a person's mind with Am ability"", 'Gravimetric Sheath': 'Am aura that surrounds Cable, mimicing his telekinesis, which allows him to perform the following power stunts:', '-Telekinesis': 'Mn', '-Repel': 'In ability to repel objects and energy-based attacks away from him, not to him.', '-Force Field': 'In ability to repel objects fired towards him back to the opponent', '-Force Blast': 'In Force', '-Flight': 'Rm', 'Techno-Organic Arm': 'Cable has been fitted with a new Techno-Organic Arm, which gives him the follow power stunts', '-Energy Blade': 'Ex Edge, back of left hand', 'Bionic Eye': 'Infrared, +1cs Ranged'}",,,,"{'Guns': 'In Energy, 10 areas ', 'Bodyslide': 'Mn ability to teleport himself and others over great distances.'}",{},"['Handguns, Marksman, Semi-Automatic, Weapons, All Martial Arts, Military, Detective/Espionage, Leadership']",,,"['X-Force, X-Men, Deadpool, Wolverine']",[''],,{},0,0,0,0,0,ABCDE,1,,,,,,,,,,,,,,,,,,
Cache,,,,Cache,,,,,,,,,,,,,In,Gd,Ex,In,In,Ex,Gd,110,70,Ex,,"{'Digitized Body': ""Cache's digitized body gives him the following abilities:"", '-Body Armor': 'Ex protection vs. Physical and Energy', '-Immune to Aging, Disease and Toxins': 'CL1000', '-Self-Sustenance': ""Doesn't need to eat, sleep or breathe"", '-Blinding Light': 'Am Blinding in an entire area', '-Holographic Generators': 'Mn', '-Shape-Shifting': 'Mn ability to alter his appearance', '-Teleportation': 'Un ability to transfer himself over great distances instantly via wireless internet connection', '-Computer Interface': 'Un ability to interface with computers allowing him to perform the following power stunts:', '--Network Command': 'Un ability to command all technology connected to a network in the area he resides in', '--Computer Hacking': 'Un ability to break any firewall and hack simultaneously into countless computers to access needed knowledge', '--Database': ""Most of Cache's knowledge is based on internet data he acquired""}",,,,{},{},"['Computers, All Martial Arts, All Scientific Skills']",,,['AIM'],[''],,{},0,0,0,0,0,ABCDE,1,,,,,,,,,,,,,,,,,,
The Cat,Shen Kuei,,,The Cat,,,,,,,,,,,,,Am,Rm,Ex,Rm,Ex,Ex,Ex,130,60,Gd,,{},,,,{},{},"['All Martial Arts, Oriental Weapons, Detective/Espionage, Thrown Weapons, Marksmanship, Acrobatics, Tumbling, Guns, Business/Finance, Multi-Lingual: (English, Tibetian, Chinese, Japanese)']",,,[],[''],,{},0,0,0,0,0,ABCDE,1,,,,,,,,,,,,,,,,,,
Citizen V,John Watkins III,,,Citizen V,,,,,,,,,,,,,In,Rm,Ex,In,Gd,Ex,Gd,130,40,Ex,,{},,,,"{'Sword': 'In material, Rm Edge or Ex blunt damage with the flat of the blade. ', 'Costume': 'Ex vs. Edged and Shooting attacks. ', '-Cape': 'His cape is made of the same materials, and has the added bonus of allowing him to glide or parachute to safety. ', '-Stealth Invisiblity': 'Ex invisibility ', 'Visor': 'In scanners for X-Ray, Lifeform, Energy and Range ', '-Gas Mask': 'Avoid gas attacks ', 'Communications': 'This allows him to communicate up to 100 miles away. This system is also able to provide for a satelite link up allowing greater range. Can contact the Vanguard or any member of the V-Battalion. ', 'Other Weapons': '', '-Pistol': 'Gd Shooting, 7 areas', '-Knife': 'In material, Ex Edge ', '-V-Stars': 'Ex Edge, 5 areas ', '-Bola': 'Rm entagglement ', '-Sleep Gas': 'Cover 1 area with In sleep gas. Victim must make Red End. FEAT vs. unconsciousness for 1-10 rounds. ', '-Magclamp': 'In material, Un adhesive to metal. ', '-Tracer': 'Ex material, 3 areas, Able to trace anyone around the world from Vanguard. Satelites allow this tracer to be found anywhere.'}","{'V-Wing': ""Citizen V's personal transportion"", '-Body': 'Rm ', '-Control': 'In ', '-Speed': 'Rm airspeed ', '-Protection': 'N/A'}","['Swordsmanship, All Martial Arts, Acrobatics, Tumbling, Detective/Espionage, Engineering']",,,['V-Battallion'],[''],,{},0,0,0,0,0,ABCDE,1,,,,,,,,,,,,,,,,,,
Daredevil II,Daniel Rand,,,Daredevil II,,,,,,,,,,,,,Am,Rm,Gd,Rm,Ex,Gd,In,120,70,Ty,,"{'Chi': 'F,A,S or E can be raised 1 rank for 10 rounds. Requires 1 round of meditation & psyche FEAT. to use. After its used up health temporary loss of 25 ', 'Iron Fist': 'Once a day, may be used. Must make a psyche FEAT to determine damage. ', '-Green': 'In ', '-Yellow': 'Am ', '-Red': 'Mn, If red FEAT is used, he will be knock-out for 1-10 rounds'}",,,,"{'Billy Club': 'In material, Ex Blunt. Has the following power stunts', '-Swing Line': 'Shoots a line that lets him swing at 3 areas/round. ', 'Costume': 'Gd protection vs. Physical attacks'}",{},"['Business/Fiance, Accounting, All Martial Arts, Ninja Trainning, Stealth']",,,"['Luke Cage, Misty Knight']",[''],,{},0,0,0,0,0,ABCDE,1,,,,,,,,,,,,,,,,,,
Ebon Samurai,Kioshi Keishicho,,,Ebon Samurai,,,,,,,,,,,,,Rm,Ex,Ex,In,Gd,Ex,Ex,110,50,Gd,,{},,,,"{'Body Armor': 'Ex protection vs. Physical and Energy ', 'Katana': 'Un Edge, it can also cut through Un materials in a single round'}",{},"['All Martial Arts, Law Enforcement, Oriental Weapons, Swords, Thrown Weapons']",,,['Big Hero 6'],[''],,{},0,0,0,0,0,ABCDE,1,,,,,,,,,,,,,,,,,,
Echo,Maya Lopez,,,Echo,,,,,,,,,,,,,In,In,Gd,Ex,Gd,Gd,Ex,110,40,Ex,,{},,,,{},{},"['Thrown Weapons, Sharp Weapons, Oriental Weapons, All Martial Arts, Tumbling, Ninja skills, Stealth, Dancing, Performer: (Piano), Boxing, Pilot']",,,"['Daredevil/Matt Murdock, New Avengers']","['Echo is deaf and cannot hear', '', 'Talents: Thrown Weapons, Sharp Weapons, Oriental Weapons, All Martial Arts, Tumbling, Ninja skills, Stealth, Dancing, Performer: (Piano), Boxing, Pilot', '', 'Contacts: Daredevil/Matt Murdock, New Avengers']",,{},0,0,0,0,0,ABCDE,1,,,,,,,,,,,,,,,,,,
Ikari,,,,Ikari,,,,,,,,,,,,,In,In,Ex,Ex,Gd,Am,Ex,120,80,Gd,,"{'Enhanced Senses': 'Mn Taste, Touch, Smelling and Hearing, Overloading these senses reduce his Intuition by -1cs. Any FEAT against specific attacks are -2cs. Ikari is able to perform the following power stunts:', '-Lie Detection': 'Am ability uses his enhanced hearing to determine if someone is lying by listening to their heartbeat.', '-Tracking': 'Mn ability to track by a specific odor or heartbeat.', '-Superhuman Sense of Balance': ""Mn Agility; Ikari's sensory organs have such a high level of development, his inner ear, which controls the equilibrium and motion of the body, aiding him in acrobatic feats."", 'Radar Sense': 'Mn, Ikari has developed an omni-directional sense that operates as primitive radar. His Radar Sense reacts to an emission of electromagnetic energy a mutation in his brain has caused, reading the reverberations of this energy as a 360º, 3-D map of objects up to 3 areas away regardless of light conditions. Rapid movements and chaotic conditions reduce the power and Intuition by -2cs. Ikari cannot be blindsided.', '-Energy Detection': 'Am ability to detect and identify any electromagnetic radiation on the standard scale; from radio waves, which he can only detect, not understand the message, all the way to gamma waves, and everything in between. He is also able to judge the strength of a given radiation and even differentiate between individual colors by the amount of radiation they give off.'}",,,,"{'Kusurigama Blades': '(x2) In material, Rm Edge or Ex Blunt', 'Costume': 'Gd protection vs Physical'}",{},"['Weapons Specialist (Kusurigama Blades), Acrobatics, Tumbling, All Martial Arts, Wrestling, Marksman, Oriental Weapons, Thrown Weapons, Thrown Objects, Blunt Weapons, Stealth, Detective/Espionage, Intimidation/Interrogation, Disguise, Resist Domination']",,,[],"[""Radar Sense Disruption: Ikari's superhuman senses render him extraordinarily vulnerable to excessive sound, odors, etc., which can temporarily weaken his Radar Sense or if he is bombarded by too much sound at once, Ikari can easily be immobilized, which causes him great pain and leaves him disoriented. Once the disruptive effects wear off, Ikari's Radar Sense is able to return to its normal calibration."", '', 'Talents: Weapons Specialist (Kusurigama Blades), Acrobatics, Tumbling, All Martial Arts, Wrestling, Marksman, Oriental Weapons, Thrown Weapons, Thrown Objects, Blunt Weapons, Stealth, Detective/Espionage, Intimidation/Interrogation, Disguise, Resist Domination']",,{},0,0,0,0,0,ABCDE,1,,,,,,,,,,,,,,,,,,
Iron Fist,Daniel Rand,,,Iron Fist,,,,,,,,,,,,,Am,Rm,Gd,Rm,Ex,Gd,Am,120,80,Ty,,"{'Chi': 'With a Psyche FEAT after concentrating for one round, Iron Fist can increase his Fighting, Agility, Endurance, or Strength by +1cs for 10 rounds. On a Yellow Psyche FEAT or better, Iron Fist can choose to raise 2 attributes by +1cs. The duration does not increase. After the 10 rounds has expired, Iron Fist will lose the increased Health benefit. If this should bring him to 0, he is unconscious, but will not start losing Endurance ranks unless it is actual damage that brings him past 0.', 'Healing': 'Un ability to heal himself or others with Chi. He must have an appropriate amount of Karma equal to the amount he wishes to heal in order to use this ability.', 'Iron Fist': 'Iron Fist can surround his hands or feet with the glowing power of the Iron Fist. The hero must make a Psyche FEAT in order to use this ability. The damage is dependent on the results of the Psyche feat as follows', '-Green': 'In damage', '-Yellow': 'Am damage', '-Red': 'Mn damage. If his psyche feat result is Red, Iron Fist must make an Endurance FEAT on the Stun column immediately after striking the blow. The Iron Fist may perform this maneuver as often as he likes but each time after the first he attempts this his Psyche FEAT suffers a cumulative -1cs. He cannot Perform this if his effective Psyche rank would be Sh-0. In addition, after the first use of the Iron Fist, any Endurance FEAT he makes to ward off the effects of his Red successful Psyche FEAT (the Stun) suffers a cumulative -1cs.', '-Iron Fist Projection': 'Iron Fist can project this power up to one area away, but the damage is -1cs. He cannot use this form of Iron Fist more than once per day. Alternately he can choose to infuse thrown weapons with this power doing Base Damage + Iron Fist intensity.', '-Hypnotic Fists': 'Iron Fist can manifest Ex Hypnosis from the power of the Iron Fist. This power does not require a Psyche FEAT, but it does count towards the cumulative -1cs for using the Iron Fist power multiple times.', 'Energy Conversion': 'Ex, Iron Fist can make a Power FEAT when he is struck by any Physical or Energy attack. If the result is successful, he may immediately channel that energy into his Chi and increase his damage by that amount. This power is limited to 25 points per day. If the Energy rank is too intense for this power, it will not work.', 'Dimensional Travel': 'Gd, After a round of concentration focusing his chi, Iron Fist may travel to other dimensions. He must first succeed at a Psyche FEAT of Mn intensity. After this, he can use this power normally. He need not make the Psyche FEAT to travel to K’un Lun.', 'Iron Will': 'Mn', 'Magic Detection': 'Gd, Magic involving K’un Lun grants a bonus of +2cs.'}",,,,{},{},"[""Thrown Weapons, Oriental Weapons, Marksmanship, All Martial Arts, Acrobatics, Tumbling, Guns, Business/Finance, Detective/Espionage, Multi-Lingual: (English, Tibetian, Chinese, Japanese, K'un L'un)""]",,,"['Avengers, Luke Cage, Jessica Jones, Defenders']",[''],,{},0,0,0,0,0,ABCDE,1,,,,,,,,,,,,,,,,,,
Master Izo,,,,Master Izo,,,,,,,,,,,,,Am,Rm,Gd,Rm,Rm,Un,Un,120,230,Pr,,"{'Proximity Sense': 'Un combat sense, Izo cannot be blindsided, and this ability worked even in darkness.', 'Enhanced Senses': 'Am taste, touch, hearing, and smell ', 'Immortality': 'Izo evidently possesses some form of immortality or at least life-extending capability, as he is now somewhere in the area of 500 years old.'}",,,,"{'Katana Swords': 'Rm material, Ex Edge, Izo can perform the following power stunts:', '-Deflection': 'Izo can use his swords to deflect arrows and thrown weapons such as shurikens. This action requires a successful Agility FEAT roll.'}",{},"['All Martial Arts, Acrobatics, Swords Master, First Aid']",,,['Daredevil'],[''],,{},0,0,0,0,0,ABCDE,1,,,,,,,,,,,,,,,,,,
Kirigi,,,,Kirigi,,,,,,,,,,,,,Rm,Rm,Gd,Rm,Ty,Ex,Ex,100,46,Rm,,{},,,,"{'Costume': 'Pr protection vs. Physical and Energy ', '-Molecular Poison': 'All Hand Ninjas wear special nightsuits that are are treated with a molecular poison. If Kirigi is rendered unconcious or otherwise defeated, the posion is activated and Kirigi disolve in a single turn.', 'Katana Swords': 'In material, In Edge or Blunt ', 'Shurikens': 'In material, Ex Thrown Edge'}",{},"['Ninja, Stealth, Oriental Weapons, Thrown Weapons, All Martial Arts, Swordsman']",,,['The Hand'],[''],,{},0,0,0,0,0,ABCDE,1,,,,,,,,,,,,,,,,,,
Melee,,,,Melee,,,,,,,,,,,,,Am,In,Ex,Rm,Ex,Ex,Rm,140,70,Ty,,{},,,,{},{},"['All Martial Arts, Acrobatics, Tumbling']",,,['The Initiative'],[''],,{},0,0,0,0,0,ABCDE,1,,,,,,,,,,,,,,,,,,
Nighthawk,Congressman Kyle Richmond,,,Nighthawk,,,,,,,,,,,,,Am,In,Ex,Ex,In,In,Am,130,130,In,,{},,,,"{'Nighthawk Costume': 'The The Nighthawk Costume provides Nighthawk with the following:', '-Body Armor': 'Ex protection vs. Physical and Energy, Rm protection vs. Fire and Heat', 'Cowl': ""Nighthawk's cowl provides him with the following:"", '-Head Protection': 'Ex protection vs. Physical and Energy, Rm protection vs. Fire and Heat', '-Headbutt': 'Benefit of +1cs Blunt Strength damage for Headbutts', '-Night Vision Lenses': 'Rm', 'Cape': ""Nighthawk's cape provides him with the following:"", '-Gliding': 'Gd ', 'Weapons': 'Nighthawk has used the following weapons in combat:', '-Gamma Grenades': 'Am damage to an entire area'}",{},"['Detective/Espionage, Politics, All Martial Arts, Acrobatics, Tumbling, Intimidation, Interrogation, Resist Domination, Motorcycles']",,,"['The Squadron Supreme of America, US Government']",[''],,{},0,0,0,0,0,ABCDE,1,,,,,,,,,,,,,,,,,,
Ogun,,,,Ogun,,,,,,,,,,,,,Am,Rm,Ex,In,Gd,In,Rm,140,80,0,,{'Possesion': 'In.'},,,,{},{},"['All Martial Arts, Oriental Weapons, Ninja, Stealth']",,,['None'],[''],,{},0,0,0,0,0,ABCDE,1,,,,,,,,,,,,,,,,,,
Okoye,,,,Okoye,,,,,,,,,,,,,Am,Ex,Gd,In,Ex,Rm,Rm,120,80,Pop:,0/80,{},,,,"{'Body Armor': 'Rm protection vs. Physical and Energy ', 'Spear': ""Un material, Okoye's spear has the following capabilities"", '-Standard Attack': 'Am Edge or Blunt ', '-Electrical Generation': 'Rm Electricity on contact with target'}",{},"['All Martial Arts, Strategist, Acrobatics, Tumbling, Bi-Lingual: (Xhosa, English), Edged Weapons, Thrown Weapons']",,,"['Dora Milaje, Wakandan Royal Family, Agents of Wakanda']",[''],,{},0,0,0,0,0,ABCDE,1,,,,,,,,,,,,,,,,,,
Old Man Logan,James Howlett,,,Old Man Logan,,,,,,,,,,,,,In,Rm,Gd,Rm,Gd,Mn,In,110,125,Ex,,"{'Adamantium Skeleton': ""Logan's skeleton has been laced with Adamantium, giving them CL1000 material. This provides the following benefits:"", 'Claws': 'CL1000 material, Logan can extend his retractable claws, causing up to Mn Edge', 'Animal Empathy': 'Am ability with mammalian carnivores', 'Heightened Senses': 'Mn Smell, In Hearing', 'Tracking': 'Am', 'Regeneration': 'Am. Regains 10 Health/hour or 1 point every six minutes', 'Resistance to Poison, Gases, Drugs and Disease': 'Un', 'Recovery': 'Un   ', 'Berserker Rage': 'Though less in evidence these days than in the past, Logan still flies into a rage, losing Karma and ""going berserk."" Logan must make a Yellow Psyche FEAT must be made to come out of it. While it may be bad, he gains the following power stunts:', '-Mental Resistance': 'Un resistance to mind control and other mental attacks.'}",,,,{},{},"['Guns, Thrown Weapons, Edged Weapons, Oriental Weapons Master, Weapon Specialist: (Claws), All Martial Arts,  Wrestling, Acrobatics, Tumbling, Military, Detective/Espionage, Criminology, Resist Domination, Escape Artist, Motorcycle, Streetwise, Survival, Multi-Lingual: (English, Japanese, Russian)']",,,['X-Men'],[''],,{},0,0,0,0,0,ABCDE,1,,,,,,,,,,,,,,,,,,
The Red Skull,Johann Schmidt,,,The Red Skull,,,,,,,,,,,,,In,In,Ex,Rm,Gd,In,Am,130,100,Gd,,"{'Fused Brain': 'After fusing his own brain with that of Charles Xavier, the new Red Skull has the following power stunts:', '-Mind Probe': 'Mn', '-Project Thought': 'Mn', '-Mental Command': 'Am', '-Psionic Detection': 'Mn', '-Mental Illusions': 'Mn'}",,,,{},{},"['All Martial Arts, Leadership, Military, Marksmanship']",,,['The S-Men'],[''],,{},0,0,0,0,0,ABCDE,1,,,,,,,,,,,,,,,,,,
Ronin,Maya Lopez,,,Ronin,,,,,,,,,,,,,In,In,Gd,Ex,Gd,Gd,Ex,110,40,Ex,,"{'Photographic Reflexes': 'Echo can duplicate any physical action that she sees, ranging from musical performance and ballet to martial arts and weapons usage. She must make a Mn power FEAT to do so. In combat, she can automatically block one attack by a studied character on a power FEAT, she can block 2 attack if she succeeds an In powers FEAT. In addition, studied characters are at -2CS against her. If a character drastically changes her fighting style into an erratic, chaotic style (fight at -3CS with no talent bonus) then Echo cannot use this power and is at -2CS', 'Stealth': 'Am', 'Martial Arts Supremacy': 'In'}",,,,"{'Costume': 'Ex protection vs. Physical, also has the following abilities', '-Blending': 'Rm blending with shadows and in dim light. Opponent must shift on Int. FEAT rolls when trying to spot him. ', 'Nunchakus': 'Rm material, Rm Blunt attack ', 'Katana Sword': 'In material, In Edge'}",{},"['Thrown Weapons, Sharp Weapons, Oriental Weapons, All Martial Arts, Tumbling, Ninja skills, Stealth, Dancing, Performer: (Piano), Boxing, Pilot']",,,['New Avengers'],[''],,{},0,0,0,0,0,ABCDE,1,,,,,,,,,,,,,,,,,,
Shang-Chi,,,,Shang-Chi,,,,,,,,,,,,,Am,Rm,Ex,Rm,Gd,Rm,Rm,130,70,Ex,,"{'Martial Arts Supremacy': 'Am', 'Ki-Powers': 'Shang-Chi has some knowledge of the manipulation of Ki, life-force, has developed at least one power stunt:', '-Grab Handled Weapons': 'Shang-Chi is able to grab handled blades out of the air and throw them back. This requires a successful Psyche FEAT for concentration and an Agility FEAT for maneuver'}",,,,{},{},"['All Martial Arts, Thrown Weapons, Oriental Weapons, Oriental Philosophy, Detective/Espionage, Fishing']",,,"['Agents of Atlas, Iron Fist, The Avengers']",[''],,{},0,0,0,0,0,ABCDE,1,,,,,,,,,,,,,,,,,,
Silver Samurai,Kenuichio Harada,,,Silver Samurai,,,,,,,,,,,,,Rm,Ex,Ex,In,Gd,Ex,Ex,110,50,Gd,,{},,,,"{'Body Armor': 'Ex protection vs. Physical and Energy ', 'Katana': 'Un Edge, it can also cut through Un materials in a single round ', 'Teleportation Ring': 'Rm ability to teleport up to three miles away'}",{},"['All Martial Arts, Samurai Training, Oriental Weapons, Swords, Thrown Weapons']",,,"['Viper, Hydra']",[''],,{},0,0,0,0,0,ABCDE,1,,,,,,,,,,,,,,,,,,
Snow Queen,,,,Snow Queen,,,,,,,,,,,,,Rm,Am,Gd,Rm,Ty,Rm,Ex,120,56,Gd,5,"{'Fur': 'Pr protection vs. Physical and Energy, In resistance to Cold', 'Claws': 'In material, Ex Edge ', 'Heightened Senses': 'She can follow scent with Am ability. She has Rm hearing and can hear footsteps up to 3 areas away, No penalties in normal darkness.'}",,,,{},{},"['Leadership, Acrobatics, All Martial Arts, Stealth, Tracking']",,,"['High Evolutionary, Knights of Wundergore']",[''],,{},0,0,0,0,0,ABCDE,1,,,,,,,,,,,,,,,,,,
Commander Steve Rogers,,,,Commander Steve Rogers,,,,,,,,,,,,,Am,Pr,Ty,Ty,Ex,In,Am,66,110,Rm,,{'Leadership': 'Rm ability to inspire others to follow him or his cause'},,,,{},{},"['Military, Marksmanship, Guns, Weapon Specialist: (Shield), Leadership, All Martial Arts, Acrobatics, Tumbling, Weapons Master, Thrown Weapons, Thrown Objects, Sharp Weapons, Motorcycles, Stealth, Camouflage, Criminology, Interrogation, Negotiations, Detective/Espionage, Tracking, Survival, First Aid, Pilot, Wrestling, Artist, Multi-Lingual: (English, Russian, German, Japanese, Greek)']",,,"['The Avengers, Nick Fury, Captain America/Steve Rogers, Sharon Carter, S.H.I.E.L.D., Any Former Avenger, U.S. Government, Uncanny Avengers']",[''],,{},0,0,0,0,0,ABCDE,1,,,,,,,,,,,,,,,,,,
White Noise,,,,White Noise,,,,,,,,,,,,,Ex,Rm,Ty,Rm,Ex,Gd,Rm,86,60,Mn,,"{'Sonic Generation': 'White Noise is able to produce hypersonic frequencies from her vocal chords. She can perform the following abilities:', '-Disruption': 'Un damage to non-living targets, Mn damage to a living target, In damage to an entire area. ', '-Vertigo': 'In ability to disorient and disable her opponents', '-Flight': 'Ty airspeed, provide thrust to propel her through the air.'}",,,,{},{},"['All Martial Arts, Shi’ar Technology, Starships, Astro-Navigation']",,,['Shi’ar Imperial Guard'],[''],,{},0,0,0,0,0,ABCDE,1,,,,,,,,,,,,,,,,,,
White Tiger,Angela Del Toro,,,White Tiger,,,,,,,,,,,,,Rm,Ex,Ex,Rm,Gd,Gd,Ex,100,40,Ty,,{},,,,"{'Tiger Amulet': 'Under the influence of the the Tiger Amulet, Angela gains the following power stunts:', '-Alter Ego': ""White Tiger's physical stats are raised by +2cs to the level shown above."", 'Addiction to Tiger Amulet': ""If Angela is separated from the amulet for more than 24 hours, Angela's Endurance slips by -1cs per day until she reaches Fe, hen they return to normal at the rate of +1cs per day. If Angela can do without the amulet by that time, she is free from that addiction.""}",{},"['Law Enforcement, Guns, All Martial Arts']",,,['Daredevil'],[''],,{},0,0,0,0,0,ABCDE,1,,,,,,,,,,,,,,,,,,
White Tiger,Ava Ayala,,,White Tiger 2,,,,,,,,,,,,,Rm,Ex,Ex,Rm,Ty,Ty,Ex,100,32,Ty,,{},,,,"{'Tiger Amulet': 'Under the influence of the the Tiger Amulet, Ava gains the following power stunts:', '-Alter Ego': ""White Tiger's physical stats are raised by +2cs to the level shown above.""}",{},"['All Martial Arts, Acrobatics']",,,['Avengers Academy'],[''],,{},0,0,0,0,0,ABCDE,1,,,,,,,,,,,,,,,,,,
Wolverine,Logan (James Howlett),,,Wolverine,,,,,,,,,,,,,In,Rm,Gd,Rm,Gd,Mn,In,110,125,Ex,,"{'Adamantium Skeleton': ""Wolverine's skeleton has been laced with Adamantium, giving them CL1000 material. This provides the following benefits:"", 'Claws': 'CL1000 material, Wolverine can extend his retractable claws, causing up to Mn Edge', 'Animal Empathy': 'Am ability with mammalian carnivores', 'Heightened Senses': 'Mn Smell, In Hearing', 'Tracking': 'Am', 'Regeneration': 'Am. Regains 10 Health/hour or 1 point every six minutes', 'Resistance to Poison, Gases, Drugs and Disease': 'Un', 'Recovery': 'Un   ', 'Berserker Rage': 'Though less in evidence these days than in the past, Wolverine still flies into a rage, losing Karma and ""going berserk."" Wolverine must make a Yellow Psyche FEAT must be made to come out of it. While it may be bad, he gains the following power stunts:', '-Mental Resistance': 'Un resistance to mind control and other mental attacks.', '-Heated Claws': ""Tied to his rage, Wolverine's claws will heat up, dealing Heat damage as well with Edge when activated.""}",,,,"{'X-Men Uniform': 'Rm material, the Uniforms are constructed out of unstable molecule fabric. It provides him with the following:', '-Body Armor': 'Ex protection vs. Physical and Energy', '-Insulated': 'Gd protection vs. Heat and Cold', '-Comlink': '250 mile range and a GPS tracking device built into it', '-Detection Scrambler': 'Am protection vs. Electronic Mutant Detection', 'Muramasa Blade': 'CL1000 material, The Muramasa Blade was forged by Muramasa for Wolverine. It is capable of the following:', '-Edged Attack': 'Up to Mn Edge, it ignores body armor and is able to cut through Adamantium', '-Healing Factor Nullification': 'If someone with regenerative abilities cut by the Muramasa Blade, the abilities will not work until a few days later'}",{},"['Guns, Thrown Weapons, Edged Weapons, Oriental Weapons Master, Weapon Specialist: (Claws), All Martial Arts,  Wrestling, Acrobatics, Tumbling, Military, Detective/Espionage, Criminology, Resist Domination, Escape Artist, Motorcycle, Streetwise, Survival, Multi-Lingual: (English, Japanese, Russian)']",,,"['X-Men, Cyclops']",[''],,{},0,0,0,0,0,ABCDE,1,,,,,,,,,,,,,,,,,,
Yukio,,,,Yukio,,,,,,,,,,,,,In,Rm,Ty,Ex,Gd,Rm,Ex,96,60,Gd,,{},,,,{},{},"['All Martial Arts, Thrown Weapons, Oriental Weapons, Stalk & Hide, Detective/Espionage, Tumbling, Acrobatics, Lockpicking, Knives']",,,"['Wolverine, Mutant Underground']",[''],,{},0,0,0,0,0,ABCDE,1,,,,,,,,,,,,,,,,,,
Amazing Martial Artist I) Sh0,,,,Amazing Martial Artist I) Sh0,,,,,,,,,,,,,Am,Rm,Ex,Rm,Gd,Sh0,Rm,130,70,Ex,,"{'Martial Arts Supremacy': 'Am', 'Ki-Powers': 'Shang-Chi has some knowledge of the manipulation of Ki, life-force, has developed at least one power stunt:', '-Grab Handled Weapons': 'Shang-Chi is able to grab handled blades out of the air and throw them back. This requires a successful Psyche FEAT for concentration and an Agility FEAT for maneuver'}",,,,{},{},"['All Martial Arts, Thrown Weapons, Oriental Weapons, Oriental Philosophy, Detective/Espionage, Fishing']",,,"['Agents of Atlas, Iron Fist, The Avengers']",[''],,{},0,0,0,0,0,ABCDE,1,,,,,,,,,,,,,,,,,,
Amazing Martial Artist I) Fb,,,,Amazing Martial Artist I) Fb,,,,,,,,,,,,,Am,Rm,Ex,Rm,Gd,Fb,Rm,130,70,Ex,,"{'Martial Arts Supremacy': 'Am', 'Ki-Powers': 'Shang-Chi has some knowledge of the manipulation of Ki, life-force, has developed at least one power stunt:', '-Grab Handled Weapons': 'Shang-Chi is able to grab handled blades out of the air and throw them back. This requires a successful Psyche FEAT for concentration and an Agility FEAT for maneuver'}",,,,{},{},"['All Martial Arts, Thrown Weapons, Oriental Weapons, Oriental Philosophy, Detective/Espionage, Fishing']",,,"['Agents of Atlas, Iron Fist, The Avengers']",[''],,{},0,0,0,0,0,ABCDE,1,,,,,,,,,,,,,,,,,,
Amazing Martial Artist I) Pr,,,,Amazing Martial Artist I) Pr,,,,,,,,,,,,,Am,Rm,Ex,Rm,Gd,Pr,Rm,130,70,Ex,,"{'Martial Arts Supremacy': 'Am', 'Ki-Powers': 'Shang-Chi has some knowledge of the manipulation of Ki, life-force, has developed at least one power stunt:', '-Grab Handled Weapons': 'Shang-Chi is able to grab handled blades out of the air and throw them back. This requires a successful Psyche FEAT for concentration and an Agility FEAT for maneuver'}",,,,{},{},"['All Martial Arts, Thrown Weapons, Oriental Weapons, Oriental Philosophy, Detective/Espionage, Fishing']",,,"['Agents of Atlas, Iron Fist, The Avengers']",[''],,{},0,0,0,0,0,ABCDE,1,,,,,,,,,,,,,,,,,,
Amazing Martial Artist I) Ty,,,,Amazing Martial Artist I) Ty,,,,,,,,,,,,,Am,Rm,Ex,Rm,Gd,Ty,Rm,130,70,Ex,,"{'Martial Arts Supremacy': 'Am', 'Ki-Powers': 'Shang-Chi has some knowledge of the manipulation of Ki, life-force, has developed at least one power stunt:', '-Grab Handled Weapons': 'Shang-Chi is able to grab handled blades out of the air and throw them back. This requires a successful Psyche FEAT for concentration and an Agility FEAT for maneuver'}",,,,{},{},"['All Martial Arts, Thrown Weapons, Oriental Weapons, Oriental Philosophy, Detective/Espionage, Fishing']",,,"['Agents of Atlas, Iron Fist, The Avengers']",[''],,{},0,0,0,0,0,ABCDE,1,,,,,,,,,,,,,,,,,,
Amazing Martial Artist I) Gd,,,,Amazing Martial Artist I) Gd,,,,,,,,,,,,,Am,Rm,Ex,Rm,Gd,Gd,Rm,130,70,Ex,,"{'Martial Arts Supremacy': 'Am', 'Ki-Powers': 'Shang-Chi has some knowledge of the manipulation of Ki, life-force, has developed at least one power stunt:', '-Grab Handled Weapons': 'Shang-Chi is able to grab handled blades out of the air and throw them back. This requires a successful Psyche FEAT for concentration and an Agility FEAT for maneuver'}",,,,{},{},"['All Martial Arts, Thrown Weapons, Oriental Weapons, Oriental Philosophy, Detective/Espionage, Fishing']",,,"['Agents of Atlas, Iron Fist, The Avengers']",[''],,{},0,0,0,0,0,ABCDE,1,,,,,,,,,,,,,,,,,,
Amazing Martial Artist I) Ex,,,,Amazing Martial Artist I) Ex,,,,,,,,,,,,,Am,Rm,Ex,Rm,Gd,Ex,Rm,130,70,Ex,,"{'Martial Arts Supremacy': 'Am', 'Ki-Powers': 'Shang-Chi has some knowledge of the manipulation of Ki, life-force, has developed at least one power stunt:', '-Grab Handled Weapons': 'Shang-Chi is able to grab handled blades out of the air and throw them back. This requires a successful Psyche FEAT for concentration and an Agility FEAT for maneuver'}",,,,{},{},"['All Martial Arts, Thrown Weapons, Oriental Weapons, Oriental Philosophy, Detective/Espionage, Fishing']",,,"['Agents of Atlas, Iron Fist, The Avengers']",[''],,{},0,0,0,0,0,ABCDE,1,,,,,,,,,,,,,,,,,,
Amazing Martial Artist I) Rm,,,,Amazing Martial Artist I) Rm,,,,,,,,,,,,,Am,Rm,Ex,Rm,Gd,Rm,Rm,130,70,Ex,,"{'Martial Arts Supremacy': 'Am', 'Ki-Powers': 'Shang-Chi has some knowledge of the manipulation of Ki, life-force, has developed at least one power stunt:', '-Grab Handled Weapons': 'Shang-Chi is able to grab handled blades out of the air and throw them back. This requires a successful Psyche FEAT for concentration and an Agility FEAT for maneuver'}",,,,{},{},"['All Martial Arts, Thrown Weapons, Oriental Weapons, Oriental Philosophy, Detective/Espionage, Fishing']",,,"['Agents of Atlas, Iron Fist, The Avengers']",[''],,{},0,0,0,0,0,ABCDE,1,,,,,,,,,,,,,,,,,,
Amazing Martial Artist I) In,,,,Amazing Martial Artist I) In,,,,,,,,,,,,,Am,Rm,Ex,Rm,Gd,In,Rm,130,70,Ex,,"{'Martial Arts Supremacy': 'Am', 'Ki-Powers': 'Shang-Chi has some knowledge of the manipulation of Ki, life-force, has developed at least one power stunt:', '-Grab Handled Weapons': 'Shang-Chi is able to grab handled blades out of the air and throw them back. This requires a successful Psyche FEAT for concentration and an Agility FEAT for maneuver'}",,,,{},{},"['All Martial Arts, Thrown Weapons, Oriental Weapons, Oriental Philosophy, Detective/Espionage, Fishing']",,,"['Agents of Atlas, Iron Fist, The Avengers']",[''],,{},0,0,0,0,0,ABCDE,1,,,,,,,,,,,,,,,,,,
Amazing Martial Artist I) Am,,,,Amazing Martial Artist I) Am,,,,,,,,,,,,,Am,Rm,Ex,Rm,Gd,Am,Rm,130,70,Ex,,"{'Martial Arts Supremacy': 'Am', 'Ki-Powers': 'Shang-Chi has some knowledge of the manipulation of Ki, life-force, has developed at least one power stunt:', '-Grab Handled Weapons': 'Shang-Chi is able to grab handled blades out of the air and throw them back. This requires a successful Psyche FEAT for concentration and an Agility FEAT for maneuver'}",,,,{},{},"['All Martial Arts, Thrown Weapons, Oriental Weapons, Oriental Philosophy, Detective/Espionage, Fishing']",,,"['Agents of Atlas, Iron Fist, The Avengers']",[''],,{},0,0,0,0,0,ABCDE,1,,,,,,,,,,,,,,,,,,
Amazing Martial Artist I) Mn,,,,Amazing Martial Artist I) Mn,,,,,,,,,,,,,Am,Rm,Ex,Rm,Gd,Mn,Rm,130,70,Ex,,"{'Martial Arts Supremacy': 'Am', 'Ki-Powers': 'Shang-Chi has some knowledge of the manipulation of Ki, life-force, has developed at least one power stunt:', '-Grab Handled Weapons': 'Shang-Chi is able to grab handled blades out of the air and throw them back. This requires a successful Psyche FEAT for concentration and an Agility FEAT for maneuver'}",,,,{},{},"['All Martial Arts, Thrown Weapons, Oriental Weapons, Oriental Philosophy, Detective/Espionage, Fishing']",,,"['Agents of Atlas, Iron Fist, The Avengers']",[''],,{},0,0,0,0,0,ABCDE,1,,,,,,,,,,,,,,,,,,
Amazing Martial Artist I) Un,,,,Amazing Martial Artist I) Un,,,,,,,,,,,,,Am,Rm,Ex,Rm,Gd,Un,Rm,130,70,Ex,,"{'Martial Arts Supremacy': 'Am', 'Ki-Powers': 'Shang-Chi has some knowledge of the manipulation of Ki, life-force, has developed at least one power stunt:', '-Grab Handled Weapons': 'Shang-Chi is able to grab handled blades out of the air and throw them back. This requires a successful Psyche FEAT for concentration and an Agility FEAT for maneuver'}",,,,{},{},"['All Martial Arts, Thrown Weapons, Oriental Weapons, Oriental Philosophy, Detective/Espionage, Fishing']",,,"['Agents of Atlas, Iron Fist, The Avengers']",[''],,{},0,0,0,0,0,ABCDE,1,,,,,,,,,,,,,,,,,,
The Hulk,,,,The Hulk,,,,Am;Mn;,,,,,,,,,Rm,Gd,Un,Un,Pr,Ty,Rm,240,40,Fe,,"{'Gamma Physiology': ""The Hulk's very body was formed by Gamma Radiation. It gives his very body the following abilities:"", 'Body Armor': 'Mn protection vs. Physical, Am protection vs. Energy', 'Invulnerable to Cold, Heat, Fire, Radiation and Disease': 'CL1000', 'Leaping': 'CL1000, 40 areas', 'Regeneration': 'Am, 5 points/round', 'Recovery': 'Un', 'Adrenalin Surge': ""In every round of combat with the same opponent the Hulk's Fighting and Strength will, when he gets mad, increase by +1cs to a maximum of Sh-X"", 'Alter Ego': 'The Hulk\'s other form is <a href=""/comics/benriely/brucebanner.html"">Bruce Banner</a>. Conditions that have triggered his transformation have included dawn, extreme anger, exhaustion and being brought under 0 Health. Hulk\'s health is independent of Banner\'s health. The only exception would be the death of one of the other forms.'}","{'Gamma Physiology': '', 'Body Armor': 'Am;Mn;', 'Invulnerable to Cold, Heat, Fire, Radiation and Disease': 'CL1000;', 'Leaping': 'CL1000;', 'Regeneration': 'Am;', 'Recovery': 'Un;', 'Adrenalin Surge': 'In;Sh-X;', 'Alter Ego': ''}","{'Gamma Physiology': ""The Hulk's very body was formed by Gamma Radiation. It gives his very body the following abilities:"", 'Body Armor': 'Mn protection vs. Physical, Am protection vs. Energy', 'Invulnerable to Cold, Heat, Fire, Radiation and Disease': 'CL1000', 'Leaping': 'CL1000, 40 areas', 'Regeneration': 'Am, 5 points/round', 'Recovery': 'Testing One Only', 'Adrenalin Surge': ""In every round of combat with the same opponent the Hulk's Fighting and Strength will, when he gets mad, increase by +1cs to a maximum of Sh-X"", 'Alter Ego': 'The Hulk\'s other form is <a href=""/comics/benriely/brucebanner.html"">Bruce Banner</a>. Conditions that have triggered his transformation have included dawn, extreme anger, exhaustion and being brought under 0 Health. Hulk\'s health is independent of Banner\'s health. The only exception would be the death of one of the other forms.'}","{'Gamma Physiology': '', 'Body Armor': 'Am;Mn;', 'Invulnerable to Cold, Heat, Fire, Radiation and Disease': 'CL1000;', 'Leaping': 'CL1000;', 'Regeneration': 'Am;', 'Recovery': 'Un;', 'Adrenalin Surge': 'In;Sh-X;', 'Alter Ego': ''}",{},{},{'None': 1},{'None': 1},{'Rick Jones': 1},{},[''],{},{},0,0,0,0,0,,0,,,,,,,,,,,,,,,,,,
The Thing,Ben Grimm,,,The Thing,,,,In,,,,,,,,,In,Gd,Un,Mn,Gd,Gd,Rm,225,50,Gd,,"{'Rock Form': ""The Thing's rock form gives him the following abilities:"", 'Body Armor': 'In protection vs. Physical and Energy', 'Resistance to Fire': 'In', 'Protected Senses': 'Rm protection vs. Sonics', 'Hyper-Breath': 'The Thing can inhale an Ex intensity windstorm with a range from 20 feet to 2 areas'}","{'Rock Form': '', 'Body Armor': 'In;', 'Resistance to Fire': 'In;', 'Protected Senses': 'Rm;', 'Hyper-Breath': 'Ex;'}","{'Body Transformation-Self': 'Testing One Only', 'Body Armour': 'Testing One Only', 'Resistance to Fire': 'In', 'Protected Senses': 'Rm protection vs. Sonics', 'Hyper-Breath': 'The Thing can inhale an Ex intensity windstorm with a range from 20 feet to 2 areas'}","{'Body Transformation-Self': '', 'Body Armour': 'In;', 'Resistance to Fire': 'In;', 'Protected Senses': 'Rm;', 'Hyper-Breath': 'Ex;'}","{'Communications Device': 'Ty material, gives it the following abilities:', 'Communications': 'Un ability with any member of the Fantastic Four', 'GPS': 'Mn, allows the Fantastic Four to find a member anywhere on Earth', 'Transport Node': 'Gives the Thing Mn ability to teleport anywhere in the Baxter Building', 'Shape-Shift': 'Ty, transforms the costume into regular street clothes'}",{},"{'Pilot': 1, 'Martial Arts B': 1, 'Martial Arts C': 1}","{'Pilot': 1, 'Martial Arts B': 1, 'Wrestling': 1}","{'Fantastic Four': 1, 'Future Foundation': 1, 'Alicia Masters': 1, 'New Avengers': 1}",{},[''],{},{},0,0,0,0,0,BC,0,,,,,,,,,,,,,,,,,,
